Name,Company,Email,Industry,Location,LinkedIn
Unknown,True Sources Ecommerce,contact@truesourcesecommerce.com,Ecommerce,"4073,2nd Floor,Ease Zone Mall Goregaon, Mulund, New Link Rd, Malad, Sunder Nagar, Malad West, Mumbai, Maharashtra 400064, India",
Unknown,ePrimeShop - Ecommerce Online Website Design and Development Company in Mumbai India,contact@eprimeshopecommerceonlinewebsitedesignanddevelopmentcompanyinmumbaiindia.com,Ecommerce,"Hetal Arch, C-205, Swami Vivekanand Rd, opp. Natraj Market, Malad, Navy Colony, Mamledarwadi, Malad West, Mumbai, Maharashtra 400064, India",
Unknown,Ease Your Service,contact@easeyourservice.com,Ecommerce,"metro station, Express zone, F52, below Dindoshi, near Oberoi Mall, Malad, Panch Bawadi, Malad East, Mumbai, Maharashtra 400063, India",
Unknown,SkyGrow Ecommerce Management Services,contact@skygrowecommercemanagementservices.com,Ecommerce,"Shagun Arcade, F-116, General Arun Kumar Vaidya Marg, near Oberoi Mall, Malad, Dindoshi, Malad East, Mumbai, Maharashtra 400097, India",
Unknown,Grosure Ecomm Solutions LLP,contact@grosureecommsolutionsllp.com,Ecommerce,"Sej Plaza, F-49, Marve Rd, near Nutan School, Malad, Malad West, Mumbai, Maharashtra 400064, India",
Unknown,"Itarsia India Limited- Website Designer in Mumbai, Website Developer in Mumbai India, Ecommerce Website Designer Mumbai India",contact@itarsiaindialimitedwebsitedesignerinmumbaiwebsitedeveloperinmumbaiindiaecommercewebsitedesignermumbaiindia.com,Ecommerce,"Hetal Arch, C-205, Swami Vivekanand Rd, behind Bank of India, Malad, Navy Colony, Mamledarwadi, Malad West, Mumbai, Maharashtra 400064, India",
Unknown,Cretmark Business Solutions Pvt. Ltd.,contact@cretmarkbusinesssolutionspvtltd.com,Ecommerce,"07, Chincholi Bunder Rd, Malad, Rajan Pada, Mindspace, Malad West, Mumbai, Maharashtra 400064, India",
Unknown,SAVIT Interactive - Digital Marketing Agency,contact@savitinteractivedigitalmarketingagency.com,Ecommerce,"7th Floor, Techniplex 2, Office 1 & 2, off Swami Vivekanand Road, Malad, Pawan Baug, Liliya Nagar, Malad West, Mumbai, Maharashtra 400064, India",
Unknown,GLIDE INFOTECH - WordPress | Shopify | Ecommerce Website Designing & Development Company in Mumbai,contact@glideinfotechwordpressshopifyecommercewebsitedesigningdevelopmentcompanyinmumbai.com,Ecommerce,"Ist Floor, KL House, 08, Tanaji Nagar Rd, Dudhsagar Society, Raheja Estate, Malad East, Mumbai, Maharashtra 400097, India",
Unknown,HubTech Media Solutions,contact@hubtechmediasolutions.com,Ecommerce,"3rd, Neo Corporate Plaza, 316, Ramchandra Ln, Malad, Navy Colony, Kanchpada, Malad West, Mumbai, Maharashtra 400064, India",
